{"name"         : "[COLOR violet][B]A4kStreaming[/B][/COLOR]",
"plugin"       : "plugin.video.a4kstreaming",
 "priority"     : 10,
 "id"           : "a4kStreaming",
 "filters"      : {},
 "postprocess"  : "",
 "movies"       : [
  [
   {
    "link"      : "plugin://plugin.video.a4kstreaming?action=play&id={imdb}",
    "steps"     : [],
    "action"    : ""
   }
  ]
 ],
 "tvshows"      : [
  [
   {
    "link"      :"plugin://plugin.video.a4kstreaming?action=play&id={epimdb}",
           "steps"     : [],
    "action"    : ""
   }
  ]
 ]
}