{
 "name"         : "Foxystreams",
 "plugin"       : "plugin.video.foxystreams",
 "priority"     : 200,
 "id"           : "foxystreams",
 "movies"       : [[{
  "link"      : "plugin://plugin.video.foxystreams/?mode=movie&imdb={imdb}&title={title}&plot={plot}&genres={genres}&votes={votes}&rating={rating}&year={year}&mpaa={mpaa}&premiered={premiered}&original_title={original_title}&poster={poster}&fanart={fanart}&name={name}"
 }]],
 "tvshows"      : [[{
  "link"      : "plugin://plugin.video.foxystreams/?mode=tv&id={id}&episode={episode}&season={season}&title={title}&plot={plot}&genres={genres}&votes={votes}&rating={rating}&year={year}&mpaa={mpaa}&firstaired={firstaired}&showname={showname}&poster={poster}&fanart={fanart}&name={name}"
 }]]
}
