{"name"    : "[COLOR deepskyblue][B]Newf[/B][/COLOR]",
 "repository"   : "repository.newf",
 "plugin"       : "plugin.video.newf",
 "priority"     : 10,
 "id"           : "newf",
 "filters"      : {},
 "postprocess"  : "",
 "movies"       : [
  [
   {
    "link"      : "plugin://plugin.video.newf/?action=getSources&source_select=true&actionArgs=%7B%22item_type%22%3A%20%22movie%22%2C%20%22trakt_id%22%3A%20{trakt}%7D",
    "steps"     : [],
    "action"    : "PLAY"
   }
  ]
 ],
 "tvshows"      : [
  [
   {
    "link"      : "plugin://plugin.video.newf/?action=getSources&source_select=true&actionArgs=%7B%22episode%22%3A%20{episode}%2C%20%22item_type%22%3A%20%22episode%22%2C%20%22season%22%3A%20{season}%2C%20%22trakt_id%22%3A%20{trakt}%7D",
    "steps"     : [],
    "action"    : "PLAY"
   }
  ]
 ]
}
