{"name"    : "[COLOR blue][B]Shadow[/B][/COLOR]",

 "plugin"       : "plugin.video.shadow",
 "priority"     : 10,
 "id"           : "direct.shadow.q",
 "postprocess"  : "",

 "movies"       : [
  [
   {
    "link"      : "plugin://plugin.video.shadow/?mode=15&title={title_+}&description={info[plot]}&imdb={imdb}&season=%20&episode=%20&tvdb={tmdb}&data={year}&eng_name={urltitle}&fanart={fanart}&iconimage={poster}&heb_name={urltitle}&name={urltitle}&original_title={original_title}&show_original_year={year}&id={tmdb}&url=https://api.themoviedb.org/3/search/movie?api_key=772defd0fb9daa76166a0163c458ad7e&language=en-US&page=1&include_adult=true",
    "action"    : "ACTIVATE"
   }
  ]
 ],
 "tvshows"      : [
  [
   {
    "link"      : "plugin://plugin.video.shadow/?mode=15&title={title_+}&season={season}&episode={episode}&description={info[plot]}&imdb={imdb}&tvdb={tmdb}&data={year}&eng_name={urltitle}&fanart={fanart}&iconimage={poster}&heb_name={urltitle}&name={urltitle}&original_title={showname}&show_original_year={year}&id={tmdb}&url=https://api.themoviedb.org/3/search/tv?api_key=772defd0fb9daa76166a0163c458ad7e&language=en-US&page=1",
    "action"    : "ACTIVATE"
   }
  ]
 ]
}