{"name"    : "Elementum ([COLOR gold][B]Ian[/B][/COLOR])",
 "plugin"  : "plugin.video.elementum",
 "id"      : "elementum",
 "priority": 10,
 "movies"  : [[{"link": "plugin://plugin.video.elementum/library/play/movie/{tmdb}",
    "steps"     : [],
    "action"    : "PLAY"
   }
  ]
 ],
 "tvshows"      : [
  [
   {
    "link"      : "plugin://plugin.video.elementum/library/play/show/{tmdb}/season/{season}/episode/{episode}",
    "steps"     : [],
    "action"    : "PLAY"
   }
  ]
 ]
}