{"name"    : "[COLOR blue][B]Fen[/B][/COLOR]",
 "plugin"       : "plugin.video.fen",
 "priority"     : 20,
 "id"           : "fen",
 "movies"       : [[{"link": "plugin://plugin.video.fen/?mode=play_media&vid_type=movie&query={name}&year={year}&poster={info[poster]}&plot={info[plot]}&title={title}&tmdb_id={id}"}]],
 "tvshows"      : [[{"link": "plugin://plugin.video.fen/?mode=play_media&vid_type=episode&query={showname}&year={year}&season={season}&episode={episode}&ep_name={title}&tmdb_id={tmdb}&premiered={firstaired}&plot={info[plot]}"}]]
}
