{
 "name"         : "Netflix [COLOR FF0084FF]->[/COLOR] Exodus Redux",
 "plugin"       : "plugin.video.netflix, plugin.video.exodusredux",
 "priority"     : 200,
 "id"           : "netflux",
 "movies"       : [[
   {
    "link"      : "plugin://plugin.video.netflix/?action=search_result&term={title_+}",
    "steps"     : [ "{title}" ]
   },
   {
    "link"      : "plugin://plugin.video.netflix/directory/search/{title_+}/",
    "steps"     : [ "{title}" ]
   },
   { "link"     : "plugin://plugin.video.exodusredux/?action=play&title={title_+}&year={year}&imdb={imdb}&meta=%7B%22rating%22%3A+%22%22%2C+%22code%22%3A+%22{imdb}%22%2C+%22poster%22%3A+%22{poster}%22%2C+%22mediatype%22%3A+%22movie%22%2C+%22director%22%3A+%22%22%2C+%22genre%22%3A+%22%22%2C+%22imdb%22%3A+%22{imdb}%22%2C+%22year%22%3A+%22{year}%22%2C+%22duration%22%3A+%22%22%2C+%22banner%22%3A+%22%22%2C+%22metacache%22%3A+false%2C+%22plot%22%3A+%22{plot_+}%22%2C+%22votes%22%3A+%2227%2C082%22%2C+%22title%22%3A+%22{title_+}%22%2C+%22fanart%22%3A+%22{fanart}%22%2C+%22mpaa%22%3A+%22%22%2C+%22writer%22%3A+%22%22%2C+%22premiered%22%3A+%22%22%2C+%22next%22%3A+%22%22%2C+%22cast%22%3A+%5B%5B%22%22%2C+%22%22%5D%5D%2C+%22trailer%22%3A+%22plugin%3A%2F%2Fplugin.video.exodusredux%2F%3Faction%3Dtrailer%26name%3D{title_+}%2B%2528{year}%2529%22%7D&t={now}"}]],
 "tvshows"      : [[
   {
    "link"      : "plugin://plugin.video.netflix/?action=search_result&term={clearname_+}",
    "steps"     : [ "{clearname}", ".* {season}", "{episode}" ]
   },
   {
    "link"      : "plugin://plugin.video.netflix/?action=search_result&term={clearname_+}",
    "steps"     : [ "{clearname}", "{episode}" ]
   },
   {
    "link"      : "plugin://plugin.video.netflix/?action=search_result&term={clearname_+}",
    "steps"     : [ "{clearname}", "{clearname}", "{episode}" ]
   },
   {
    "link"      : "plugin://plugin.video.netflix/directory/search/{clearname_+}/",
    "steps"     : [ "{clearname}", ".* {season}", "{episode}" ]
   },
   {
    "link"      : "plugin://plugin.video.netflix/directory/search/{clearname_+}/",
    "steps"     : [ "{clearname}", "{episode}" ]
   },
   {
    "link"      : "plugin://plugin.video.netflix/directory/search/{clearname_+}/",
    "steps"     : [ "{clearname}", "{clearname}", "{episode}" ]
   },
   { "link"     : "plugin://plugin.video.exodusredux/?action=play&title={title_+}&year={year}&imdb={imdb}&tvdb={tvdb}&season={season}&episode={episode}&tvshowtitle={clearname_+}&premiered={firstaired}&meta=%7B%22rating%22%3A+%22%22%2C+%22code%22%3A+%22{imdb}%22%2C+%22imdb%22%3A+%22{imdb}%22%2C+%22year%22%3A+%22{year}%22%2C+%22duration%22%3A+%22%22%2C+%22plot%22%3A+%22{plot_+}%22%2C+%22votes%22%3A+%22%22%2C+%22thumb%22%3A+%22{thumbnail}%22%2C+%22title%22%3A+%22{title_+}%22%2C+%22tvdb%22%3A+%22{id}%22%2C+%22mpaa%22%3A+%22%22%2C+%22writer%22%3A+%22%22%2C+%22label%22%3A+%22{title_+}%22%2C+%22poster%22%3A+%22{poster}%22%2C+%22status%22%3A+%22%22%2C+%22season%22%3A+%22{season}%22%2C+%22tvshowtitle%22%3A+%22{title_+}%22%2C+%22mediatype%22%3A+%22%22%2C+%22director%22%3A+%22%22%2C+%22studio%22%3A+%22%22%2C+%22genre%22%3A+%22%22%2C+%22banner%22%3A+%22{thumbnail}%22%2C+%22fanart%22%3A+%22{fanart}%22%2C+%22episode%22%3A+%22{episode}%22%2C+%22premiered%22%3A+%22%22%2C+%22cast%22%3A+%5B%5B%22%22%2C+%22%22%5D%5D%2C+%22trailer%22%3A+%22plugin%3A%2F%2Fplugin.video.exodusredux%2F%3Faction%3Dtrailer%26name%3D{clearname_+}%22%7D&t={now}"}]]
}