{"name"         : "[COLOR FF0084FF][B]Shadow[/B][/COLOR]",
 "plugin"       : "plugin.video.shadow",
 "priority"     : 10,
 "id"           : "shadow",
 "movies"  : [[{"link": "plugin://plugin.video.shadow/?mode=15&title={title_+}&description={info[plot]}&imdb={imdb}&season=%20&episode=%20&tvdb={tmdb}&data={year}&eng_name={urltitle}&fanart={fanart}&iconimage={poster}&heb_name={urltitle}&name={urltitle}&original_title={original_title}&show_original_year={year}&id={tmdb}&url=http://api.themoviedb.org/3/movie/popular?api_key=34142515d9d23817496eeb4ff1d223d0&language=he",
    "steps"     : "",
    "action"    : "PLAY"}]],
 "tvshows"      : [[{"link": "plugin://plugin.video.shadow/?mode=15&title={title_+}&season={season}&episode={episode}&description={info[plot]}&imdb={imdb}&tvdb={tmdb}&data={year}&eng_name={urltitle}&fanart={fanart}&iconimage={poster}&heb_name={urltitle}&name={urltitle}&original_title={showname}&show_original_year={year}&id={tmdb}&url=http://api.themoviedb.org/3/movie/popular?api_key=34142515d9d23817496eeb4ff1d223d0&language=he",
    "steps"     : "",
    "action"    : "PLAY"}]]}