{"name"    : "[COLOR blue][B]Fen[/B][/COLOR]",
    "plugin" : "plugin.video.fen",
    "priority" : 20,
     "is_resolvable" : "true",
    "play_movie" : "plugin://plugin.video.fen/?mode=play_media&vid_type=movie&library=True&query={name}&year={year}&poster={poster}&title={title}&tmdb_id={id}",
    "play_episode" : "plugin://plugin.video.fen/?mode=play_media&vid_type=episode&library=True&query={showname}&year={year}&season={season}&episode={episode}&ep_name={title}&tmdb_id={tmdb}&premiered={firstaired}"
}