{"name"    : "[COLOR grey][B]Shadow[/B][/COLOR]",
        "plugin" : "plugin.video.shadow",
        "priority" : 20,
        "play_movie" : "plugin://plugin.video.shadow/?iconimage={poster}&fanart={fanart}&description={plot_+}&season=%20&original_title={title_+}&url=www&mode=15&action=play&name={title_+}+%28{year}%29&title={title_+}&year={year}&imdb={imdb}&id={id}&meta=%7B%22rating%22%3A+%22{rating}%22%2C+%22code%22%3A+%22{imdb}%22%2C+%22plot%22%3A+%22{plot_+}%22%2C+%22fanart%22%3A+%22{fanart}%22%2C+%22tagline%22%3A+%22{tagline_+}%22%2C+%22title%22%3A+%22{title_+}%22%2C+%22originaltitle%22%3A+%22{original_title_+}%22%2C+%22poster%22%3A+%22{poster}%22%2C+%22next%22%3A+%22http%3A%2F%2Fwww.imdb.com%2Fsearch%2Ftitle%3Ftitle_type%3Dfeature%2Ctv_movie%26languages%3Den%26num_votes%3D500%2C%26production_status%3Dreleased%26groups%3Dtop_1000%26sort%3Dmoviemeter%2Casc%26count%3D20%26start%3D1%26page%3D2%26ref_%3Dadv_nxt%22%2C+%22director%22%3A+%22{directors_+}%22%2C+%22cast%22%3A+%5B{actors}%5D%2C+%22imdb%22%3A+%22{imdb}%22%2C+%22trailer%22%3A+%22plugin%3A%2F%2Fplugin.video.shadow%2F%3Faction%3Dtrailer%26name%3D{title_+}%2B%28{year}%29%22%2C+%22year%22%3A+%22{year}%22%2C+%22duration%22%3A+%22{duration}20%22%2C+%22mpaa%22%3A+%22{mpaa_+}%22%2C+%22writer%22%3A+%22{writers_+}9%22%2C+%22genre%22%3A+%22{genres_+}%22%2C+%22metacache%22%3A+true%7D&amp;t={now}",
        "play_episode" : "plugin://plugin.video.shadow/?mode=15&episode={episode}&description={plot_+}&show_original_year={year}&fanart={fanart}&heb_name={title_+}&iconimage={poster}&original_title={title_+}&eng_name={clearname_+}&url=www&tmdbid=+&season={season}&id={tmdb_id}&name={title_+}&video_data=%7B%22rating%22%3A+%22{rating}%22%2C+%22Episode%22%3A+%22{episode}%22%2C+%22title%22%3A+%22{title_+}%22%2C+%22Season%22%3A+%22{season}%22%2C+%22TVshowtitle%22%3A+%22{clearname_+}%22%2C+%22poster%22%3A+%22{poster}%22%2C+%22mediatype%22%3A+%22episode%22%2C+%22premiered%22%3A+%22{firstaired}%22%2C+%22plot%22%3A+%22{plot_+}%22%2C+%22OriginalTitle%22%3A+%22{original_title_+}%22%2C+%22year%22%3A+%22{year}%22%7D&t={now}"
    }